{"_id":{"$oid":"5e8614f7cd68c5db7a5c4777"},"cmpcde":"100001","pgroup":"99","spgroup":"99","catgno":"99","brand":"999","thdesc":"อื่นๆ","endesc":"Other","remark":"","recsts":"A"}
{"_id":{"$oid":"5e8614f7cd68c5db7a5c4778"},"cmpcde":"100001","pgroup":"99","spgroup":"99","catgno":"99","brand":"BMW","thdesc":"บี เอ็ม ดับเบิ้ลยู","endesc":"BMW","remark":"","recsts":"A"}
{"_id":{"$oid":"5e8614f7cd68c5db7a5c4779"},"cmpcde":"100001","pgroup":"99","spgroup":"99","catgno":"99","brand":"Canon","thdesc":"แคนนอน ","endesc":"Canon","remark":"","recsts":"A"}
{"_id":{"$oid":"5e8614f7cd68c5db7a5c477a"},"cmpcde":"100001","pgroup":"99","spgroup":"99","catgno":"99","brand":"DAIHATSU","thdesc":"ไดฮัทซู","endesc":"DAIHATSU","remark":"","recsts":"A"}
{"_id":{"$oid":"5e8614f7cd68c5db7a5c477b"},"cmpcde":"100001","pgroup":"99","spgroup":"99","catgno":"99","brand":"DAINESE","thdesc":"ไดเนส","endesc":"Dainese","remark":"","recsts":"A"}
{"_id":{"$oid":"5e8614f7cd68c5db7a5c477c"},"cmpcde":"100001","pgroup":"99","spgroup":"99","catgno":"99","brand":"DATSUN","thdesc":"ดัสสัน","endesc":"DATSUN","remark":"","recsts":"A"}
{"_id":{"$oid":"5e8614f7cd68c5db7a5c477d"},"cmpcde":"100001","pgroup":"99","spgroup":"99","catgno":"99","brand":"FORD","thdesc":"ฟอร์ด","endesc":"FORD","remark":"","recsts":"A"}
{"_id":{"$oid":"5e8614f7cd68c5db7a5c477e"},"cmpcde":"100001","pgroup":"99","spgroup":"99","catgno":"99","brand":"HARDE","thdesc":"HARDE","endesc":"HARDE","remark":"","recsts":"A"}
{"_id":{"$oid":"5e8614f7cd68c5db7a5c477f"},"cmpcde":"100001","pgroup":"99","spgroup":"99","catgno":"99","brand":"HINO","thdesc":"ฮีโน่","endesc":"HINO","remark":"","recsts":"A"}
{"_id":{"$oid":"5e8614f7cd68c5db7a5c4780"},"cmpcde":"100001","pgroup":"99","spgroup":"99","catgno":"99","brand":"HONDA","thdesc":"ฮอนด้า","endesc":"HONDA","remark":"","recsts":"A"}
{"_id":{"$oid":"5e8614f7cd68c5db7a5c4782"},"cmpcde":"100001","pgroup":"99","spgroup":"99","catgno":"99","brand":"ISUZU","thdesc":"อิซูซุ","endesc":"ISUZU","remark":"","recsts":"A"}
{"_id":{"$oid":"5e8614f7cd68c5db7a5c4783"},"cmpcde":"100001","pgroup":"99","spgroup":"99","catgno":"99","brand":"JRD","thdesc":"เจอาร์ดี","endesc":"JRD","remark":"","recsts":"A"}
{"_id":{"$oid":"5e8614f7cd68c5db7a5c4784"},"cmpcde":"100001","pgroup":"99","spgroup":"99","catgno":"99","brand":"KAWASAKI","thdesc":"คาวาซากิ","endesc":"KAWASAKI","remark":"","recsts":"A"}
{"_id":{"$oid":"5e8614f7cd68c5db7a5c4785"},"cmpcde":"100001","pgroup":"99","spgroup":"99","catgno":"99","brand":"MAZDA","thdesc":"มาสด้า","endesc":"MAZDA","remark":"","recsts":"A"}
{"_id":{"$oid":"5e8614f7cd68c5db7a5c4786"},"cmpcde":"100001","pgroup":"99","spgroup":"99","catgno":"99","brand":"MITSUBISHI","thdesc":"มิตซูบิชิ","endesc":"MITSUBISHI","remark":"","recsts":"A"}
{"_id":{"$oid":"5e8614f7cd68c5db7a5c4787"},"cmpcde":"100001","pgroup":"99","spgroup":"99","catgno":"99","brand":"Nat's Sister","thdesc":"สินค้าพรีเมียมร้านกาแฟ","endesc":"สินค้าพรีเมียมร้านกาแฟ","remark":"","recsts":"A"}
{"_id":{"$oid":"5e8614f7cd68c5db7a5c4788"},"cmpcde":"100001","pgroup":"99","spgroup":"99","catgno":"99","brand":"NISSAN","thdesc":"นิสสัน","endesc":"NISSAN","remark":"","recsts":"A"}
{"_id":{"$oid":"5e8614f7cd68c5db7a5c4789"},"cmpcde":"100001","pgroup":"99","spgroup":"99","catgno":"99","brand":"RYUKA","thdesc":"RYUKA","endesc":"RYUKA","remark":"","recsts":"A"}
{"_id":{"$oid":"5e8614f7cd68c5db7a5c478a"},"cmpcde":"100001","pgroup":"99","spgroup":"99","catgno":"99","brand":"SUMSUNG","thdesc":"ซัมซุง","endesc":"Sumsung","remark":"","recsts":"A"}
{"_id":{"$oid":"5e8614f7cd68c5db7a5c478b"},"cmpcde":"100001","pgroup":"99","spgroup":"99","catgno":"99","brand":"SUZUKI","thdesc":"ซูซูกิ","endesc":"SUZUKI","remark":"","recsts":"A"}
{"_id":{"$oid":"5e8614f7cd68c5db7a5c478c"},"cmpcde":"100001","pgroup":"99","spgroup":"99","catgno":"99","brand":"TIGER","thdesc":"ไทเกอร์","endesc":"TIGER","remark":"","recsts":"A"}
{"_id":{"$oid":"5e8614f7cd68c5db7a5c478d"},"cmpcde":"100001","pgroup":"99","spgroup":"99","catgno":"99","brand":"TOYOTA","thdesc":"โตโยต้า","endesc":"TOYOTA","remark":"","recsts":"A"}
{"_id":{"$oid":"5e8614f7cd68c5db7a5c478e"},"cmpcde":"100001","pgroup":"99","spgroup":"99","catgno":"99","brand":"Trend Micro","thdesc":"โปรแกรมสแกนไวรัส","endesc":"โปรแกรมสแกนไวรัส","remark":"","recsts":"A"}
{"_id":{"$oid":"5e8614f7cd68c5db7a5c478f"},"cmpcde":"100001","pgroup":"99","spgroup":"99","catgno":"99","brand":"YAMAHA","thdesc":"ยามาฮ่า","endesc":"YAMAHA","remark":"","recsts":"A"}
{"_id":{"$oid":"5e8614f7cd68c5db7a5c4790"},"cmpcde":"900001","pgroup":"Yy","spgroup":"Yy","catgno":"XX","brand":"SBH","thdesc":"สบายแฮร์","endesc":"Sabaihair","remark":"TestInsert","recsts":"A"}
{"_id":{"$oid":"5e8614f7cd68c5db7a5c4791"},"cmpcde":"98765","pgroup":"XX","spgroup":"XX","catgno":"XX","brand":"DS","thdesc":"โซล","endesc":"Soul","remark":"Soulds","recsts":"A"}
{"_id":{"$oid":"5e863d7ebc3f4b6648ea8568"},"cmpcde":"100001","pgroup":"99","spgroup":"99","catgno":"99","brand":"HP","thdesc":"เฮสพี","endesc":"HP","remark":"","recsts":"A"}
