{"_id":{"$oid":"5e8c04beec5d97454c4235fc"},"csnNo":"00000001","contractNo":"c1000001","noteDate":{"$date":{"$numberLong":"1577836800000"}},"noteTime":{"$date":{"$numberLong":"1609459200000"}},"actionCode":"CF1","personCode":"PC000001","resultCode":"CR01","noteDescription":"ระวังการติดต่อหรือสามารถติดต่อ (Type no,เบอร์โทร,เวลา) ตามที่แจ้ง","ppDate":{"$date":{"$numberLong":"1577836800000"}},"ppTime":{"$date":{"$numberLong":"1577836800000"}},"pdDate":{"$date":{"$numberLong":"1577836800000"}},"pdTime":{"$date":{"$numberLong":"1577836800000"}},"recallDate":{"$date":{"$numberLong":"1577836800000"}},"recallTime":{"$date":{"$numberLong":"1577836800000"}},"ppAmt":{"$numberDecimal":"10000.5231"},"alreadyPaidAmt":{"$numberDecimal":"50000.52"},"ppChannel":"PP02","callCenter":"CC-A505-C8-96","telType":"TT05","telNo":"+66888888888","callType":"CT-859","contactTo":"คำอธิบาย","systemBy":"CSSCREEN","flagDelete":"0","recordStatus":"0","createDate":{"$date":{"$numberLong":"1577836800000"}},"createBy":"IT USER","updateDate":{"$date":{"$numberLong":"1577836800000"}},"updateBy":"IT USER"}
{"_id":{"$oid":"5e8c0a32b4f65a2a48b36577"},"csnNo":"00000002","contractNo":"c1000002","noteDate":{"$date":{"$numberLong":"1577836800000"}},"noteTime":{"$date":{"$numberLong":"1609459200000"}},"actionCode":"CF2","personCode":"PC000002","resultCode":"CR02","noteDescription":"ระวังการติดต่อหรือสามารถติดต่อ (Type no,เบอร์โทร,เวลา) ตามที่แจ้ง","ppDate":{"$date":{"$numberLong":"1577836800000"}},"ppTime":{"$date":{"$numberLong":"1577836800000"}},"pdDate":{"$date":{"$numberLong":"1577836800000"}},"pdTime":{"$date":{"$numberLong":"1577836800000"}},"recallDate":{"$date":{"$numberLong":"1577836800000"}},"recallTime":{"$date":{"$numberLong":"1577836800000"}},"ppAmt":{"$numberDecimal":"5000.523"},"alreadyPaidAmt":{"$numberDecimal":"123423.5132"},"ppChannel":"PP0101","callCenter":"CC-CS09","telType":"TT0536","telNo":"+66888888888","callType":"CT8595","contactTo":"คำอธิบาย","systemBy":"CSSCREEN","flagDelete":"1","recordStatus":"1","createDate":{"$date":{"$numberLong":"1577836800000"}},"createBy":"IT USER","updateDate":{"$date":{"$numberLong":"1577836800000"}},"updateBy":"IT USER"}
{"_id":{"$oid":"5e8c0ab1b4f65a2a48b36578"},"csnNo":"00000003","contractNo":"c1000003","noteDate":{"$date":{"$numberLong":"1577836800000"}},"noteTime":{"$date":{"$numberLong":"1609459200000"}},"actionCode":"CF3","personCode":"PC000003","resultCode":"CR03","noteDescription":"ระวังการติดต่อหรือสามารถติดต่อ (Type no,เบอร์โทร,เวลา) ตามที่แจ้ง","ppDate":{"$date":{"$numberLong":"1577836800000"}},"ppTime":{"$date":{"$numberLong":"1577836800000"}},"pdDate":{"$date":{"$numberLong":"1577836800000"}},"pdTime":{"$date":{"$numberLong":"1577836800000"}},"recallDate":{"$date":{"$numberLong":"1577836800000"}},"recallTime":{"$date":{"$numberLong":"1577836800000"}},"ppAmt":{"$numberDecimal":"200000.541"},"alreadyPaidAmt":{"$numberDecimal":"969696.505"},"ppChannel":"PP0533","callCenter":"CC69","telType":"TT225","telNo":"+66888888888","callType":"CT_256","contactTo":"คำอธิบาย","systemBy":"CALLSCREEN","flagDelete":"0","recordStatus":"0","createDate":{"$date":{"$numberLong":"1577836800000"}},"createBy":"IT USER","updateDate":{"$date":{"$numberLong":"1577836800000"}},"updateBy":"IT USER"}
{"_id":{"$oid":"5e8c0adab4f65a2a48b36579"},"csnNo":"00000004","contractNo":"c1000004","noteDate":{"$date":{"$numberLong":"1577836800000"}},"noteTime":{"$date":{"$numberLong":"1609459200000"}},"actionCode":"CF4","personCode":"PC000004","resultCode":"CR04","noteDescription":"ระวังการติดต่อหรือสามารถติดต่อ (Type no,เบอร์โทร,เวลา) ตามที่แจ้ง","ppDate":{"$date":{"$numberLong":"1577836800000"}},"ppTime":{"$date":{"$numberLong":"1577836800000"}},"pdDate":{"$date":{"$numberLong":"1577836800000"}},"pdTime":{"$date":{"$numberLong":"1577836800000"}},"recallDate":{"$date":{"$numberLong":"1577836800000"}},"recallTime":{"$date":{"$numberLong":"1577836800000"}},"ppAmt":{"$numberDecimal":"96541.52"},"alreadyPaidAmt":{"$numberDecimal":"10.5050"},"ppChannel":"PP5536","callCenter":"CC_022","telType":"TT9","telNo":"+66888888888","callType":"CTA5E6","contactTo":"คำอธิบาย","systemBy":"CSSCREEN","flagDelete":"1","recordStatus":"1","createDate":{"$date":{"$numberLong":"1577836800000"}},"createBy":"IT USER","updateDate":{"$date":{"$numberLong":"1577836800000"}},"updateBy":"IT USER"}
{"_id":{"$oid":"5e8c0adcb4f65a2a48b3657a"},"csnNo":"00000005","contractNo":"c1000005","noteDate":{"$date":{"$numberLong":"1577836800000"}},"noteTime":{"$date":{"$numberLong":"1609459200000"}},"actionCode":"CF5","personCode":"PC000005","resultCode":"CR05","noteDescription":"ระวังการติดต่อหรือสามารถติดต่อ (Type no,เบอร์โทร,เวลา) ตามที่แจ้ง","ppDate":{"$date":{"$numberLong":"1577836800000"}},"ppTime":{"$date":{"$numberLong":"1577836800000"}},"pdDate":{"$date":{"$numberLong":"1577836800000"}},"pdTime":{"$date":{"$numberLong":"1577836800000"}},"recallDate":{"$date":{"$numberLong":"1577836800000"}},"recallTime":{"$date":{"$numberLong":"1577836800000"}},"ppAmt":{"$numberDecimal":"55555.5"},"alreadyPaidAmt":{"$numberDecimal":"856944.0"},"ppChannel":"PP903","callCenter":"CC-9656","telType":"TT9651","telNo":"+66888888888","callType":"CT1","contactTo":"คำอธิบาย","systemBy":"CALLSCREEN","flagDelete":"0","recordStatus":"0","createDate":{"$date":{"$numberLong":"1577836800000"}},"createBy":"IT USER","updateDate":{"$date":{"$numberLong":"1577836800000"}},"updateBy":"IT USER"}
